<?xml version="1.0" encoding="UTF-8"?>
<project-private xmlns="http://www.netbeans.org/ns/project-private/1">
    <editor-bookmarks xmlns="http://www.netbeans.org/ns/editor-bookmarks/2" lastBookmarkId="0"/>
    <open-files xmlns="http://www.netbeans.org/ns/projectui-open-files/2">
        <group>
            <file>file:/C:/Users/chava/Music/Asadas/Project1/src/View/Administrador.java</file>
            <file>file:/C:/Users/chava/Music/Asadas/Project1/src/View/SuperAdministrador.java</file>
            <file>file:/C:/Users/chava/Music/Asadas/Project1/src/Controller/CTRLUser.java</file>
            <file>file:/C:/Users/chava/Music/Asadas/Project1/src/View/Digitador.java</file>
            <file>file:/C:/Users/chava/Music/Asadas/Project1/src/View/Login.java</file>
        </group>
    </open-files>
</project-private>
